note_id,title,arxiv_id,category,filename,pages,size_mb,sha256,source_url
SUP01,Data Pyramid for Embodied Manipulation,2607.24744,00_field_survey,Data_Pyramid_for_Embodied_Manipulation_2607.24744.pdf,72,12.95,8eeed339a0c930dbae48815fccc991e70d19aa22b0a33ed4164d09e303c84141,https://arxiv.org/abs/2607.24744
SUP03,Robot Learning from Human Videos: A Survey,2604.27621,00_field_survey,Robot_Learning_from_Human_Videos_Survey_2604.27621.pdf,52,13.30,b24016af4d478ec3857b2cb028011e5f4934404320414905372d646c9f22202e,https://arxiv.org/abs/2604.27621
SUP02,"Vision-Language-Action in Robotics: A Survey of Datasets, Benchmarks, and Data Engines",2604.23001,00_field_survey,VLA_Datasets_Benchmarks_Data_Engines_Survey_2604.23001.pdf,17,1.24,fb7a23ade074c143157cda34fe8c5b2f1ec4848066507f64e50d2d3f1a94e7db,https://arxiv.org/abs/2604.23001
P001,Open X-Embodiment / RT-X,2310.08864,01_data_foundations_and_engines,P001_Open_X_Embodiment_RT-X_2310.08864.pdf,12,3.83,13f16aff5afdee583dc25b3c570e9bb0cf6baefb59b539928d919588cd8d9246,https://arxiv.org/abs/2310.08864
P002,DROID,2403.12945,01_data_foundations_and_engines,P002_DROID_2403.12945.pdf,26,9.26,9e40a9c934ce78ea315d2c05593d60f9e18edf6dcd3785cd66439518965c3b07,https://arxiv.org/abs/2403.12945
P003,BridgeData V2,2308.12952,01_data_foundations_and_engines,P003_BridgeData_V2_2308.12952.pdf,15,3.11,aa5fdac48bf9122b22f88150d45575cb0685f2a2f761ca6fc570be743022819b,https://arxiv.org/abs/2308.12952
P004,RH20T,2307.00595,01_data_foundations_and_engines,P004_RH20T_2307.00595.pdf,15,4.79,6156500a1340a2e976681f0f8deea8ce493fb4af227d8a5b2696cb3c384bb755,https://arxiv.org/abs/2307.00595
P007,AXIS,2607.21588,01_data_foundations_and_engines,P007_AXIS_2607.21588.pdf,25,44.89,52bedbf53aefd2499910ee182281d1f72d88578ba9cf8451299d48dd3194050e,https://arxiv.org/abs/2607.21588
P014,UMI: Universal Manipulation Interface,2402.10329,01_data_foundations_and_engines,P014_UMI_2402.10329.pdf,18,7.22,a9452cbaf9f5d2a77d5f8b631632fa7f45ae4bbc32400be1cc939b91a36e1609,https://arxiv.org/abs/2402.10329
P019,RoboTurk,1811.02790,01_data_foundations_and_engines,P019_RoboTurk_1811.02790.pdf,15,3.44,2298863a8e3aa917506ae8583cadc6741a557eb9809f976101a4fd3119c3303d,https://arxiv.org/abs/1811.02790
P022,RoboMimic: What Matters in Learning from Offline Human Demonstrations,2108.03298,01_data_foundations_and_engines,P022_RoboMimic_2108.03298.pdf,36,10.28,18283ff9cbb9645de4ccf32ca2de472f452e89761287e7ed578e3a1066bea5f1,https://arxiv.org/abs/2108.03298
P023,Data Scaling Laws in Imitation Learning for Robotic Manipulation,2410.18647,01_data_foundations_and_engines,P023_Data_Scaling_Laws_2410.18647.pdf,34,27.23,e3ee296bdf1b34dde4816d36207a0b2b496c66ab352299702e9efc8187e7ec07,https://arxiv.org/abs/2410.18647
P026,EgoMimic,2410.24221,01_data_foundations_and_engines,P026_EgoMimic_2410.24221.pdf,12,8.91,a4a95eefba0f1341ef2d86d3fb38247e56fc07b7d4d440fdb4639dba70022ccd,https://arxiv.org/abs/2410.24221
P027,HOP: Human-to-Robot Pretraining with Hand-Object Interaction,2409.08273,01_data_foundations_and_engines,P027_HOP_2409.08273.pdf,17,9.74,f3d37f9cd3b71da684ed7f4db3273d0dcd7de2cd58193c3bc8e6951ff5786696,https://arxiv.org/abs/2409.08273
P046,Data Quality in Imitation Learning,2306.02437,02_data_curation_and_valuation,P046_Data_Quality_in_Imitation_Learning_2306.02437.pdf,18,2.29,a6aded39474c30a47587af315edd99d9684927e1ed9b44c09dcfea4b1d95f6b0,https://arxiv.org/abs/2306.02437
P047,SSDF: Self-Supervised Data Filtering,2401.08957,02_data_curation_and_valuation,P047_SSDF_2401.08957.pdf,8,1.34,3fc0c1e987b3426219ea6a69ad04e23d875bbc0f1a57f8c28d88c8e5acf60fb7,https://arxiv.org/abs/2401.08957
P049,Re-Mix,2408.14037,02_data_curation_and_valuation,P049_Re-Mix_2408.14037.pdf,22,1.38,739449e2336e8abc1c8256c30dd536ed506cb100e6b1ed4aaa3fbc9b35dea34d,https://arxiv.org/abs/2408.14037
P050,Robot Data Curation with Mutual Information Estimators,2502.08623,02_data_curation_and_valuation,P050_Robot_Data_Curation_Mutual_Information_2502.08623.pdf,19,3.72,d4c1a5fcf262c5ce35c3dee85d892f82ff0243bf70dac142e5267704e47f1bdd,https://arxiv.org/abs/2502.08623
P051,Curating Demonstrations Using Online Experience / Demo-SCORE,2503.03707,02_data_curation_and_valuation,P051_Demo_SCORE_2503.03707.pdf,14,4.90,7053780c793ebd76e3508192d57ab6a8f3a325abb1d69c5daa1cf760e26e182b,https://arxiv.org/abs/2503.03707
P053,DataMIL,2505.09603,02_data_curation_and_valuation,P053_DataMIL_2505.09603.pdf,25,4.15,fbe8697db6071d065661a1e5f90dd7f86a9257cad0f8daed6925a63b2075dc97,https://arxiv.org/abs/2505.09603
P054,QoQ: Quality over Quantity,2603.09056,02_data_curation_and_valuation,P054_QoQ_2603.09056.pdf,8,1.25,7a0c36b67a3779cf282fa06c5cdc4b9e0f52ef9d3aa5b28c1c72d2489067563a,https://arxiv.org/abs/2603.09056
P055,ATHENA,2606.16208,02_data_curation_and_valuation,P055_ATHENA_2606.16208.pdf,24,12.46,80ba45e3e49d88530367bb8d7a6d2a38d1e17f283d51a64896093c9de2b77bef,https://arxiv.org/abs/2606.16208
P056,Scizor,2505.22626,02_data_curation_and_valuation,P056_SCIZOR_2505.22626.pdf,21,2.53,b3a53de46aac7842ab689fd1791dfcfe9de6405628ce6ff0a0e825e5ba3150d3,https://arxiv.org/abs/2505.22626
P057,RINSE / Smoothness-Driven Demonstration Curation,2604.23000,02_data_curation_and_valuation,P057_RINSE_2604.23000.pdf,8,5.05,e89bf8ac0687c4b3a0133c3d3f5ab7b5de5dfe0c18bb6a33d04e09ad80c355c1,https://arxiv.org/abs/2604.23000
P060,ReTVL,2606.24633,02_data_curation_and_valuation,P060_ReTVL_2606.24633.pdf,18,1.35,28ef4c10b7c06157cfaa5a0274edf3d19ecb7ee297bce4efc8a1169e037b1747,https://arxiv.org/abs/2606.24633
P061,What Demonstration Curation Metrics Do to Your Policy,2606.10229,02_data_curation_and_valuation,P061_What_Demonstration_Curation_Metrics_Do_to_Your_Policy_2606.10229.pdf,5,0.15,b94078567a89bb5042a71c25828bf41ef036edc3e0b8316f56f16ea9fd6510be,https://arxiv.org/abs/2606.10229
P062,Data Assessment for Embodied Intelligence,2511.09119,02_data_curation_and_valuation,P062_Data_Assessment_for_Embodied_Intelligence_2511.09119.pdf,29,8.24,edf072d884916e08f449490119b7dc13d6a44babc3d7b93820f32b315963b806,https://arxiv.org/abs/2511.09119
P066,SIEVE,2607.06442,02_data_curation_and_valuation,P066_SIEVE_2607.06442.pdf,10,0.44,50dd59a14c84ec9b2d270143c21bef420cecc0e13be22dce19d651dbe604fee1,https://arxiv.org/abs/2607.06442
P075,DIAL: Data-Efficient Instruction Augmentation with VLMs,2211.11736,03_semantic_labeling_and_synthesis,P075_DIAL_2211.11736.pdf,17,10.70,d8646a36949afe39e336a1142b501bbccc300f3321510b61b98549827f5027fc,https://arxiv.org/abs/2211.11736
P076,NILS,2410.17772,03_semantic_labeling_and_synthesis,P076_NILS_2410.17772.pdf,30,10.68,159d981b98b0c38cb47125681f31ddd485c8138ae302e0bbcc33b034071b30a7,https://arxiv.org/abs/2410.17772
P095,GenAug,2302.06671,03_semantic_labeling_and_synthesis,P095_GenAug_2302.06671.pdf,16,46.03,048a7fc6d921d62bc45b6dad18174fc002d4b9edab845d36a31410cb7b8a1fde,https://arxiv.org/abs/2302.06671
P096,ROSIE,2302.11550,03_semantic_labeling_and_synthesis,P096_ROSIE_2302.11550.pdf,16,9.41,e325bb59b2d28e4c6cc7467c4f0267969fe91f0794b317751de02a0a78d5e46d,https://arxiv.org/abs/2302.11550
P099,RoboEngine,2503.18738,03_semantic_labeling_and_synthesis,P099_RoboEngine_2503.18738.pdf,8,2.20,e61541fda0e632776cf0873cd38a9e7c0cd0db6956ebaf4849a5bc432825f1f9,https://arxiv.org/abs/2503.18738
P103,MimicGen,2310.17596,03_semantic_labeling_and_synthesis,P103_MimicGen_2310.17596.pdf,45,13.55,7345661fb8e8581981e272e1e043561cbfdaf3f8403d2cb5e28f70797c9bbb16,https://arxiv.org/abs/2310.17596
P111,RoboGen,2311.01455,03_semantic_labeling_and_synthesis,P111_RoboGen_2311.01455.pdf,48,3.10,c47b75cdaf74a1b5c37be8da48d7712debcc2eca1558edfe45a61577a4b8fc20,https://arxiv.org/abs/2311.01455
P112,GenSim,2310.01361,03_semantic_labeling_and_synthesis,P112_GenSim_2310.01361.pdf,36,15.30,97b91f5da06223de29b894792f90a00a9c0732bf05df0f92f1d1bddd21332962,https://arxiv.org/abs/2310.01361
P122,Action-View Augmentation,2409.03403,03_semantic_labeling_and_synthesis,P122_RoVi_Aug_2409.03403.pdf,25,8.43,a36355e4d17b08566c39a8e7527b999dc41748668530288c7798e56c6c88c8e0,https://arxiv.org/abs/2409.03403
P126,Xiaomi-Robotics-U0,2607.11643,04_vla_world_model_and_post_training_reports,P126_Xiaomi-Robotics-U0_2607.11643.pdf,39,36.70,01b968b3080e6992746fbf1ae073bdb99e560d6fabab66c4fe31e06ee7212f20,https://arxiv.org/abs/2607.11643
P129,Qwen-RobotWorld,2606.17030,04_vla_world_model_and_post_training_reports,P129_Qwen_RobotWorld_2606.17030.pdf,25,19.45,a8425282fd60ccba7cdddc796b1becf3a92bbf17a55497c9936b21ed4117b801,https://arxiv.org/abs/2606.17030
P134,RoboCat,2306.11706,04_vla_world_model_and_post_training_reports,P134_RoboCat_2306.11706.pdf,60,25.18,ec66c1579baaada787820abf4ce99a9a59143b583ddcc6dfc4814623d1969831,https://arxiv.org/abs/2306.11706
P135,AutoRT,2401.12963,04_vla_world_model_and_post_training_reports,P135_AutoRT_2401.12963.pdf,26,25.37,bd001b5d9f6259eb3c4afaeb3cbaba881c961d9eeda59091b492fe85b0d748b5,https://arxiv.org/abs/2401.12963
P136,π*0.6 / RECAP,2511.14759,04_vla_world_model_and_post_training_reports,P136_pi_star_0.6_RECAP_2511.14759.pdf,18,23.91,9f4f5a3070ad9549ea7687ea54baa19858820dbcc0834cc805212d68fd6c8cb3,https://arxiv.org/abs/2511.14759
P139,DexFlyWheel,2509.23829,04_vla_world_model_and_post_training_reports,P139_DexFlyWheel_2509.23829.pdf,23,4.17,bcb4ec0dc829e1503d920e6de4692a0108bacfdf10fa73a2a01d1b9d1a072c3c,https://arxiv.org/abs/2509.23829
P149,LWD: Learning with Distributed Fleet Data,2605.00416,04_vla_world_model_and_post_training_reports,P149_LWD_2605.00416.pdf,18,9.37,30801b93a14bb8939480113565abef54c17531c2ea86eb9faeff67f44b9bac6b,https://arxiv.org/abs/2605.00416
P150,SOP: Scalable Online Post-Training for VLA,2601.03044,04_vla_world_model_and_post_training_reports,P150_SOP_2601.03044.pdf,13,19.97,48b3cdedb4fc0fdded8f104cddb70c36f16d518f6eefa4e73c63a47b63c8add7,https://arxiv.org/abs/2601.03044
P152,DEED,2607.20345,04_vla_world_model_and_post_training_reports,P152_DEED_2607.20345.pdf,8,13.86,a69631b5b009666d4a45cf3fc23092a582b5efab0e2f3db340f66cd986131aab,https://arxiv.org/abs/2607.20345
P157,RT-1,2212.06817,04_vla_world_model_and_post_training_reports,P157_RT1_2212.06817.pdf,31,13.99,81efe669c8fa50ffc7097886dc78a442fa7a8f7f2451684b93069cb9fbeda767,https://arxiv.org/abs/2212.06817
P158,RT-2,2307.15818,04_vla_world_model_and_post_training_reports,P158_RT2_2307.15818.pdf,26,14.94,0a62dc36bbbfdea232ad45a0ab75c82e9cf535b55333ff22c02d5da1897ccac3,https://arxiv.org/abs/2307.15818
P159,OpenVLA,2406.09246,04_vla_world_model_and_post_training_reports,P159_OpenVLA_2406.09246.pdf,37,12.63,353c37df34458f12f969b14dfd8b77175b727b9cddea7bb891759beddeefe1be,https://arxiv.org/abs/2406.09246
P160,Octo,2405.12213,04_vla_world_model_and_post_training_reports,P160_Octo_2405.12213.pdf,17,3.51,73bff297cfafe523319162124e6b7f96919c0930e0a380f307255c4c7464ac93,https://arxiv.org/abs/2405.12213
P161,π0,2410.24164,04_vla_world_model_and_post_training_reports,P161_pi0_2410.24164.pdf,17,7.53,fbdfba56258bdbd220207ba63410c6c943e43a73e97a7a5a47ca0bc74204f821,https://arxiv.org/abs/2410.24164
P162,π0.5,2504.16054,04_vla_world_model_and_post_training_reports,P162_pi0.5_2504.16054.pdf,19,15.46,6a1029fd8ab6944b74cf22f5e5d30e60bc15699d964b2900af799b807a34b64c,https://arxiv.org/abs/2504.16054
P163,π0.7,2604.15483,04_vla_world_model_and_post_training_reports,P163_pi0.7_2604.15483.pdf,25,14.87,54843c88fbabf6bce53ab2ee94cafc9a55c3d5639f7b74c5e8ad24485fe6863b,https://arxiv.org/abs/2604.15483
P164,GR00T N1 / N1.6 / N1.7,2503.14734,04_vla_world_model_and_post_training_reports,P164_GR00T_N1_2503.14734.pdf,36,20.05,76e38cf679637b816b16edf7170340883dd09175bf334aeeaed49392777731b9,https://arxiv.org/abs/2503.14734
P165,Gemini Robotics,2503.20020,04_vla_world_model_and_post_training_reports,P165_Gemini_Robotics_2503.20020.pdf,64,18.02,f2c1ab4e73a76013b9ebf5a4ff90bb3d291eee0730304d3ebf4531256a204b78,https://arxiv.org/abs/2503.20020
P166,Gemini Robotics 1.5,2510.03342,04_vla_world_model_and_post_training_reports,P166_Gemini_Robotics_1.5_2510.03342.pdf,62,17.70,771398d4d6dd458b137ae362de1d3434a7ff259cd8d7249b54f2fd7ebefcff45,https://arxiv.org/abs/2510.03342
P168,Qwen-RobotManip,2606.17846,04_vla_world_model_and_post_training_reports,P168_Qwen_RobotManip_2606.17846.pdf,44,15.80,193fff177785d4e9d9cc63dca02b61b4e250ec174535c45dafe7a625ed8ed025,https://arxiv.org/abs/2606.17846
P205,DreamGen: Unlocking Generalization in Robot Learning through Video World Models,2505.12705,04_vla_world_model_and_post_training_reports,P205_DreamGen_2505.12705.pdf,23,20.17,e4e2c5c9e664d9331adb49c230053a76cf5bb4c3501341f4d9b372ecc585684c,https://arxiv.org/abs/2505.12705
P206,RoboReward: General-Purpose Vision-Language Reward Models for Robotics,2601.00675,04_vla_world_model_and_post_training_reports,P206_RoboReward_2601.00675.pdf,33,13.62,601200a96f8e30137cd3166d6d330ff9ff2ceb0de6a4c43949d808e6e9c0d29a,https://arxiv.org/abs/2601.00675
P211,Robot-Powered Data Flywheels,2511.19647,04_vla_world_model_and_post_training_reports,P211_Robot_Data_Flywheel_2511.19647.pdf,9,11.58,e48d7f7dbef5ba35c9e739f70609306595ffa7a9fd00d06142c7c2cafcf40211,https://arxiv.org/abs/2511.19647
P187,RefinedWeb,2306.01116,05_llm_data_preparation_inspiration,P187_RefinedWeb_2306.01116.pdf,32,1.08,b084921cc327f1f2bca232ca5339f0378324e2ff941bded327f136752a983d10,https://arxiv.org/abs/2306.01116
P188,FineWeb,2406.17557,05_llm_data_preparation_inspiration,P188_FineWeb_2406.17557.pdf,38,2.99,ae632bd6618d2566e708962670f27ab1fbc5ba9bc8de3acaceee8fbda85fbdd4,https://arxiv.org/abs/2406.17557
P190,DataComp-LM,2406.11794,05_llm_data_preparation_inspiration,P190_DataComp_LM_2406.11794.pdf,89,1.58,af8fc884ccd601f8c6fbbba8f8e381de652fce1233949c0c64f64b4ab4b0f5b2,https://arxiv.org/abs/2406.11794
P191,DoReMi,2305.10429,05_llm_data_preparation_inspiration,P191_DoReMi_2305.10429.pdf,27,6.83,fff8029cac22d2c1586d91707c4629bd32ced6c474d9893e46927a59a7e3e4e7,https://arxiv.org/abs/2305.10429
P193,DSIR,2302.03169,05_llm_data_preparation_inspiration,P193_DSIR_2302.03169.pdf,32,1.07,3826ec3eed198449c48843a615505cc0763b1c664e96239c714d61f017b8d6dc,https://arxiv.org/abs/2302.03169
P204a,DataComp: In Search of the Next Generation of Multimodal Datasets,2304.14108,05_llm_data_preparation_inspiration,P204a_DataComp_2304.14108.pdf,66,2.65,d9f4c71b5ab8b1e8642ed6a0d2d7f7f6d05494c17633e8be60a3c935fface6ae,https://arxiv.org/abs/2304.14108
P204b,Data Curation via Joint Example Selection Further Accelerates Multimodal Learning,2406.17711,05_llm_data_preparation_inspiration,P204b_JEST_2406.17711.pdf,20,1.53,53747e57cbae2bcf87e6dc0d4be0cae577cbdf274e8fb4265902a114cbaba083,https://arxiv.org/abs/2406.17711
P207,LESS: Selecting Influential Data for Targeted Instruction Tuning,2402.04333,05_llm_data_preparation_inspiration,P207_LESS_2402.04333.pdf,29,1.41,ef06fcf400ee4660cd6eed3ba8d74cfea0debfbc88f25aaafcb14f3bf3101aa0,https://arxiv.org/abs/2402.04333
P208,What Makes Good Data for Alignment? / DEITA,2312.15685,05_llm_data_preparation_inspiration,P208_DEITA_2312.15685.pdf,21,1.88,9f85a2c748cae981675dfd3037eff71ddd031995323d15189c5691878ef62e0e,https://arxiv.org/abs/2312.15685
P209,AI Models Collapse When Trained on Recursively Generated Data,2305.17493,05_llm_data_preparation_inspiration,P209_Model_Collapse_2305.17493.pdf,18,2.25,db081e1b85409f99ebc6a017b0fe2851b2c2f689e051529d88a62d0853ee9507,https://arxiv.org/abs/2305.17493
P210,Self-Rewarding Language Models,2401.10020,05_llm_data_preparation_inspiration,P210_Self_Rewarding_LMs_2401.10020.pdf,23,1.08,61bed62389be6445c7a8dc6608641e86a3cc1a4d9b0b19a1f8645fc425997a96,https://arxiv.org/abs/2401.10020
